id,price_cents,source,matched_product,matched_size,url,fetched_on
long_grain_rice,179,"kroger.com listing via web search (default store, not location-specific)",Kroger® Enriched Long Grain White Rice,32 oz,https://www.kroger.com/p/kroger-enriched-long-grain-white-rice/0001111089875,2026-09-26
brown_rice,179,"kroger.com listing via web search (default store, not location-specific)",Kroger® Long Grain Brown Rice,32 oz,https://www.kroger.com/p/kroger-long-grain-brown-rice/0001111089874,2026-09-26
rolled_oats,449,"kroger.com listing via web search (default store, not location-specific)",Kroger® 100% Whole Grain Old Fashioned Oats,42 oz,https://www.kroger.com/p/kroger-old-fashioned-whole-grain-oats/0001111076655,2026-09-26
spaghetti,133,"kroger.com listing via web search (default store, not location-specific)",Kroger® Spaghetti,16 oz,https://www.kroger.com/p/kroger-brand-spaghetti-pasta/0001111085004,2026-09-26
elbow_macaroni,133,"kroger.com listing via web search (default store, not location-specific)",Kroger® Elbow Macaroni,16 oz,https://www.kroger.com/p/kroger-elbow-macaroni/0001111085021,2026-09-26
all_purpose_flour,239,"kroger.com listing via web search (default store, not location-specific)",Kroger® Bleached All Purpose Flour,5 lb,https://www.kroger.com/p/kroger-bleached-all-purpose-enriched-flour/0001111085402,2026-09-26
dried_black_beans,199,"kroger.com listing via web search (default store, not location-specific)",Kroger® Black Beans,16 oz,https://www.kroger.com/p/kroger-black-beans/0001111089687,2026-09-26
dried_pinto_beans,239,"kroger.com listing via web search (default store, not location-specific)",Kroger® Pinto Beans,32 oz (2 lb),https://www.kroger.com/p/kroger-pinto-beans/0001111089864,2026-09-26
dried_lentils,259,"kroger.com listing via web search (default store, not location-specific)",Kroger® Lentils,16 oz,https://www.kroger.com/p/kroger-lentils/0001111084851,2026-09-26
peanut_butter,229,"kroger.com listing via web search (default store, not location-specific)",Kroger® Creamy Peanut Butter,16 oz,https://www.kroger.com/p/kroger-creamy-peanut-butter/0001111001618,2026-09-26
soy_sauce,199,"kroger.com listing via web search (default store, not location-specific)",Kroger® Brewed Soy Sauce,15 fl oz,https://www.kroger.com/p/kroger-brewed-soy-sauce/0001111015475,2026-09-26
mayonnaise,379,"kroger.com listing via web search (default store, not location-specific)",Kroger® Classic Real Mayonnaise,30 fl oz,https://www.kroger.com/p/kroger-classic-real-mayonnaise/0001111000783,2026-09-26
ketchup,219,"kroger.com listing via web search (default store, not location-specific)",Kroger® Original Tomato Ketchup,24 oz,https://www.kroger.com/p/kroger-original-tomato-ketchup/0001111084467,2026-09-26
white_bread,179,"kroger.com listing via web search (default store, not location-specific)",Kroger® White Sandwich Bread,20 oz,https://www.kroger.com/p/kroger-white-sandwich-bread/0001111008486,2026-09-26
flour_tortillas,199,"kroger.com listing via web search (default store, not location-specific)",Kroger® Soft Taco Size Flour Tortillas,10 ct / 17.5 oz,https://www.kroger.com/p/kroger-soft-taco-size-flour-tortillas/0001111005265,2026-09-26
corn_tortillas,199,"kroger.com listing via web search (default store, not location-specific)",Kroger® Soft Traditional White Corn Tortillas,30 ct,https://www.kroger.com/p/kroger-soft-traditional-white-corn-tortillas/0001111099028,2026-09-26
canned_black_beans,125,"kroger.com listing via web search (default store, not location-specific)",Kroger® Black Beans,15.5 oz,https://www.kroger.com/p/kroger-black-beans/0001111010647,2026-09-26
canned_pinto_beans,149,"kroger.com listing via web search (default store, not location-specific)",Pinto Beans,15.5 oz,https://www.kroger.com/p/pinto-beans/0001111072565,2026-09-26
canned_kidney_beans,149,"kroger.com listing via web search (default store, not location-specific)",Kroger® Dark Red Kidney Beans,15.5 oz,https://www.kroger.com/p/kroger-dark-red-kidney-beans/0001111071787,2026-09-26
canned_chickpeas,125,"kroger.com listing via web search (default store, not location-specific)",Kroger Garbanzo Beans,15.5 oz,https://www.kroger.com/p/kroger-garbanzo-beans/0001111080627,2026-09-26
canned_diced_tomatoes,159,"kroger.com listing via web search (default store, not location-specific)",Kroger® Diced Tomatoes,14.5 oz,https://www.kroger.com/p/kroger-diced-tomatoes/0001111011612,2026-09-26
tomato_sauce,100,"kroger.com listing via web search (default store, not location-specific)",Kroger® Tomato Sauce,15 oz,https://www.kroger.com/p/kroger-tomato-sauce/0001111081657,2026-09-26
tomato_paste,99,"kroger.com listing via web search (default store, not location-specific)",Kroger® Tomato Paste,6 oz,https://www.kroger.com/p/kroger-tomato-paste/0001111081633,2026-09-26
canned_tuna,97,"kroger.com listing via web search (default store, not location-specific)",Kroger® Wild Caught Chunk Light Tuna in Water,5 oz,https://www.kroger.com/p/kroger-wild-caught-chunk-light-tuna-in-water/0001111089084,2026-09-26
canned_corn,100,"kroger.com listing via web search (default store, not location-specific)",Kroger White Whole Kernel Sweet Corn,15.25 oz,https://www.kroger.com/p/kroger-white-whole-kernel-sweet-corn-15-25oz-can/0001111080805,2026-09-26
canned_green_beans,99,"kroger.com listing via web search (default store, not location-specific)",Kroger® Cut Canned Green Beans,14.5 oz,https://www.kroger.com/p/kroger-cut-canned-green-beans/0001111080235,2026-09-26
chicken_broth,159,"kroger.com listing via web search (default store, not location-specific)",Kroger® 99% Fat Free Chicken Broth,32 oz,https://www.kroger.com/p/kroger-99-fat-free-chicken-broth/0001111087684,2026-09-26
salsa,219,"kroger.com listing via web search (default store, not location-specific)",Kroger® Traditional Medium Salsa,16 oz,https://www.kroger.com/p/kroger-traditional-medium-salsa/0001111066760,2026-09-26
yellow_onions,259,"kroger.com listing via web search (default store, not location-specific)",Kroger® Yellow Onion,3 lb bag,https://www.kroger.com/p/yellow-onion-3-lb-bag/0001111091682,2026-09-26
russet_potatoes,369,"kroger.com listing via web search (default store, not location-specific)",Kroger® Russet Potatoes Bag,5 lb,https://www.kroger.com/p/kroger-russet-potatoes-bag/0001111091760,2026-09-26
carrots,229,"kroger.com listing via web search (default store, not location-specific)",Kroger® Whole Carrots Bag,2 lb,https://www.kroger.com/p/kroger-whole-carrots-bag/0001111091622,2026-09-26
bananas,45,"kroger.com listing via web search (default store, not location-specific)",Bananas,per lb,https://www.kroger.com/p/bananas/0074928900002,2026-09-26
gala_apples,319,"kroger.com listing via web search (default store, not location-specific)",Kroger® Gala Apples – 3 Pound Bag,3 lb,https://www.kroger.com/p/kroger-gala-apples-3-pound-bag/0001111091825,2026-09-26
navel_oranges,299,"kroger.com listing via web search (default store, not location-specific)",Kroger® Fresh Navel Oranges Bag,4 lb,https://www.kroger.com/p/kroger-fresh-navel-oranges-bag/0001111091836,2026-09-26
green_cabbage,89,"kroger.com listing via web search (default store, not location-specific)","Green Cabbage, 1 ct",per lb,https://www.kroger.com/p/green-cabbage/0000000004069,2026-09-26
roma_tomatoes,149,"kroger.com listing via web search (default store, not location-specific)","Fresh Roma Tomato, 1 ct",per lb,https://www.kroger.com/p/fresh-roma-tomato/0000000004087,2026-09-26
green_bell_pepper,129,"kroger.com listing via web search (default store, not location-specific)","Fresh Large Green Bell Pepper, 1 ct",each,https://www.kroger.com/p/fresh-large-green-bell-pepper/0000000004065,2026-09-26
celery,103,"kroger.com listing via web search (default store, not location-specific)","Sleeved Celery, 1 ct",each,https://www.kroger.com/p/celery/0000000004070,2026-09-26
broccoli_crowns,249,"kroger.com listing via web search (default store, not location-specific)","Broccoli Crowns, 1 Lb",per lb,https://www.kroger.com/p/broccoli-crowns/0000000004548,2026-09-26
sweet_potatoes,149,"kroger.com listing via web search (default store, not location-specific)","Sweet Potato, 1 ct",per lb,https://www.kroger.com/p/sweet-potato/0000000004816,2026-09-26
cucumbers,89,"kroger.com listing via web search (default store, not location-specific)","Cucumber, 1 ct",each,https://www.kroger.com/p/cucumber/0000000004062,2026-09-26
iceberg_lettuce,219,"kroger.com listing via web search (default store, not location-specific)","Iceberg Lettuce, 1 Head",each,https://www.kroger.com/p/iceberg-lettuce/0007315002841,2026-09-26
frozen_spinach,149,"kroger.com listing via web search (default store, not location-specific)","Kroger® Frozen Spinach Chopped, 12 oz",12 oz,https://www.kroger.com/p/kroger-frozen-spinach-chopped/0001111089785,2026-09-26
frozen_mixed_vegetables,319,"kroger.com listing via web search (default store, not location-specific)","Kroger® Frozen Mixed Vegetables, 32 oz",32 oz,https://www.kroger.com/p/kroger-frozen-mixed-vegetables/0001111086585,2026-09-26
frozen_broccoli,169,"kroger.com listing via web search (default store, not location-specific)","Kroger® Frozen Broccoli Chopped, 12 oz",12 oz,https://www.kroger.com/p/kroger-recipe-beginnings-frozen-broccoli-chopped/0001111089789,2026-09-26
frozen_peas,129,"kroger.com listing via web search (default store, not location-specific)","Kroger® Frozen Sweet Green Peas, 12 oz",12 oz,https://www.kroger.com/p/kroger-frozen-sweet-green-peas/0001111089736,2026-09-26
large_eggs,159,"kroger.com listing via web search (default store, not location-specific)","Kroger® Grade A Large White Eggs, 12 ct",12 ct,https://www.kroger.com/p/kroger-grade-a-large-eggs-12-count/0001111060903,2026-09-26
whole_milk,319,"kroger.com listing via web search (default store, not location-specific)","Kroger® Vitamin D Whole Milk Gallon, 1 gal",1 gal,https://www.kroger.com/p/kroger-vitamin-d-whole-milk-gallon/0001111040101,2026-09-26
plain_yogurt,299,"kroger.com listing via web search (default store, not location-specific)","Kroger® Plain Low Fat Yogurt Tub, 32 oz",32 oz,https://www.kroger.com/p/kroger-plain-low-fat-yogurt-tub/0001111004446,2026-09-26
cheddar_cheese,369,"kroger.com listing via web search (default store, not location-specific)","Kroger® Mild Cheddar Cheese Block, 8 oz",8 oz,https://www.kroger.com/p/kroger-mild-cheddar-cheese-block/0001111058625,2026-09-26
shredded_mozzarella,200,"kroger.com listing via web search (default store, not location-specific)","Kroger® Mozzarella Shredded Cheese, 8 oz",8 oz,https://www.kroger.com/p/kroger-mozzarella-shredded-cheese/0001111050159,2026-09-26
butter,349,"kroger.com listing via web search (default store, not location-specific)",Kroger® Salted Butter Sticks,4 sticks / 16 oz,https://www.kroger.com/p/kroger-butter-sticks/0001111089301,2026-09-26
chicken_thighs,199,"kroger.com listing via web search (default store, not location-specific)",Heritage Farm® Bone In Skin On Chicken Thighs,1 lb,https://www.kroger.com/p/heritage-farm-bone-in-skin-on-chicken-thighs/0028334750000,2026-09-26
chicken_drumsticks,179,"kroger.com listing via web search (default store, not location-specific)",Heritage Farm® Bone In Skin On Chicken Drumsticks,1 lb,https://www.kroger.com/p/heritage-farm-bone-in-skin-on-chicken-drumsticks/0028334800000,2026-09-26
chicken_breast,199,"kroger.com listing via web search (default store, not location-specific)",Heritage Farm® Boneless Skinless Chicken Breasts,1 lb,https://www.kroger.com/p/heritage-farm-boneless-skinless-chicken-breasts/0028334900000,2026-09-26
whole_chicken,549,"kroger.com listing via web search (default store, not location-specific)",Heritage Farm® Bone In Skin On Whole Young Chicken,1 lb,https://www.kroger.com/p/heritage-farm-bone-in-skin-on-whole-young-chicken/0028334850000,2026-09-26
ground_turkey,499,"kroger.com listing via web search (default store, not location-specific)",Kroger® 85/15 Fresh Ground Turkey Tray 1 LB,1 lb (16 oz),https://www.kroger.com/p/kroger-85-15-fresh-ground-turkey-tray-1-lb/0001111096875,2026-09-26
smoked_sausage,300,"kroger.com listing via web search (default store, not location-specific)",Kroger® Harwood Smoked Sausage Pork and Beef Link,14 oz,https://www.kroger.com/p/kroger-smoked-sausage/0001111096787,2026-09-26
sliced_turkey,429,"kroger.com listing via web search (default store, not location-specific)",Kroger® Turkey Breast Oven Roasted Deli Thin Sliced,9 oz,https://www.kroger.com/p/kroger-turkey-breast-oven-roasted-deli-thin-sliced/0001111085080,2026-09-26
rotisserie_chicken,799,"kroger.com listing via web search (default store, not location-specific)",Home Chef Classic Seasoned Fresh Roasted Hot Chicken (Kroger hot deli),32 oz,https://www.kroger.com/p/rotisserie-chicken-hot-available-11-7pm-/0001115078651,2026-09-26
deli_fried_chicken,899,"kroger.com listing via web search (default store, not location-specific)",Home Chef 8-Piece Hot Fried Chicken (Kroger deli),8 ct,https://www.kroger.com/p/deli-fresh-hot-fried-chicken-8-piece-available-11-7pm-/0001111039263,2026-09-26
vegetable_oil,379,"kroger.com listing via web search (default store, not location-specific)",Kroger® 100% Pure Vegetable Oil,48 fl oz,https://www.kroger.com/p/kroger-pure-vegetable-oil/0001111085605,2026-09-26
salt,89,"kroger.com listing via web search (default store, not location-specific)",Kroger® Iodized Salt,26 oz,https://www.kroger.com/p/kroger-iodized-salt/0001111004808,2026-09-26
ground_cumin,399,"kroger.com listing via web search (default store, not location-specific)",Kroger® Ground Cumin Shaker,1.62 oz,https://www.kroger.com/p/kroger-ground-cumin-shaker/0001111068304,2026-09-26
sugar,529,"kroger.com listing via web search (default store, not location-specific)",Kroger® Pure Cane Granulated Sugar,4 lb,https://www.kroger.com/p/kroger-pure-cane-granulated-sugar/0001111088318,2026-09-26
